{
  "resources": [
    "sounds.webm",
    "sounds.ogg",
    "sounds.mp3"
  ],
  "spritemap": {
    "ammo": {
      "start": 0,
      "end": 0.3657142857142857,
      "loop": false
    },
    "aug_cycle": {
      "start": 2,
      "end": 2.6481179138321993,
      "loop": false
    },
    "aug_fire": {
      "start": 4,
      "end": 4.668662131519274,
      "loop": false
    },
    "aug_fire_8bit": {
      "start": 6,
      "end": 6.6,
      "loop": false
    },
    "aug_fire_valkyrie": {
      "start": 8,
      "end": 9.478367346938775,
      "loop": false
    },
    "aug_insert_mag": {
      "start": 11,
      "end": 11.218503401360545,
      "loop": false
    },
    "aug_remove_mag": {
      "start": 13,
      "end": 13.251972789115646,
      "loop": false
    },
    "capture_spatula": {
      "start": 15,
      "end": 16.69795918367347,
      "loop": false
    },
    "cluck9mm_fire": {
      "start": 18,
      "end": 18.809795918367346,
      "loop": false
    },
    "cluck9mm_fire_8bit": {
      "start": 20,
      "end": 20.381496598639455,
      "loop": false
    },
    "cluck9mm_fire_pop": {
      "start": 22,
      "end": 22.490022675736963,
      "loop": false
    },
    "cluck9mm_fire_valkyrie": {
      "start": 24,
      "end": 25.607868480725624,
      "loop": false
    },
    "cluck9mm_fire_wand": {
      "start": 27,
      "end": 27.927120181405897,
      "loop": false
    },
    "cluck9mm_insert_mag": {
      "start": 29,
      "end": 29.75755102040816,
      "loop": false
    },
    "cluck9mm_remove_mag": {
      "start": 31,
      "end": 31.47020408163265,
      "loop": false
    },
    "csg1_fire": {
      "start": 33,
      "end": 34.671836734693876,
      "loop": false
    },
    "csg1_fire_8bit": {
      "start": 36,
      "end": 36.58,
      "loop": false
    },
    "csg1_fire_catz": {
      "start": 38,
      "end": 38.48988662131519,
      "loop": false
    },
    "csg1_fire_chicken": {
      "start": 40,
      "end": 41.11501133786848,
      "loop": false
    },
    "csg1_fire_csg1_valkyrie": {
      "start": 43,
      "end": 45.07439909297052,
      "loop": false
    },
    "csg1_pull_action": {
      "start": 47,
      "end": 47.391836734693875,
      "loop": false
    },
    "csg1_release_action": {
      "start": 49,
      "end": 49.287346938775514,
      "loop": false
    },
    "death_scream1": {
      "start": 51,
      "end": 52.201632653061225,
      "loop": false
    },
    "death_scream10": {
      "start": 54,
      "end": 55.22775510204082,
      "loop": false
    },
    "death_scream2": {
      "start": 57,
      "end": 58.30612244897959,
      "loop": false
    },
    "death_scream3": {
      "start": 60,
      "end": 60.6530612244898,
      "loop": false
    },
    "death_scream4": {
      "start": 62,
      "end": 62.522448979591836,
      "loop": false
    },
    "death_scream5": {
      "start": 64,
      "end": 64.9404081632653,
      "loop": false
    },
    "death_scream6": {
      "start": 66,
      "end": 67.07102040816326,
      "loop": false
    },
    "death_scream7": {
      "start": 69,
      "end": 70.85469387755101,
      "loop": false
    },
    "death_scream8": {
      "start": 72,
      "end": 73.12326530612245,
      "loop": false
    },
    "death_scream9": {
      "start": 75,
      "end": 76.07102040816326,
      "loop": false
    },
    "dozenGauge_close": {
      "start": 78,
      "end": 78.3134693877551,
      "loop": false
    },
    "dozenGauge_fire": {
      "start": 80,
      "end": 81.35836734693878,
      "loop": false
    },
    "dozenGauge_fire_8bit": {
      "start": 83,
      "end": 83.56802721088435,
      "loop": false
    },
    "dozenGauge_fire_badoosh": {
      "start": 85,
      "end": 85.55149659863946,
      "loop": false
    },
    "dozenGauge_fire_basketbros": {
      "start": 87,
      "end": 88.7,
      "loop": false
    },
    "dozenGauge_fire_valkyrie": {
      "start": 90,
      "end": 91.18907029478459,
      "loop": false
    },
    "dozenGauge_load": {
      "start": 93,
      "end": 93.47020408163266,
      "loop": false
    },
    "dozenGauge_open": {
      "start": 95,
      "end": 95.47020408163266,
      "loop": false
    },
    "drop_spatula": {
      "start": 97,
      "end": 98.51510204081633,
      "loop": false
    },
    "eggk47_dry_fire": {
      "start": 100,
      "end": 100.6269387755102,
      "loop": false
    },
    "eggk47_eggk-technoskin": {
      "start": 102,
      "end": 102.39548752834467,
      "loop": false
    },
    "eggk47_fire": {
      "start": 104,
      "end": 104.6008163265306,
      "loop": false
    },
    "eggk47_fire_8bit": {
      "start": 106,
      "end": 106.37600907029478,
      "loop": false
    },
    "eggk47_fire_valkyrie": {
      "start": 108,
      "end": 108.64496598639455,
      "loop": false
    },
    "eggk47_full_cycle": {
      "start": 110,
      "end": 110.39183673469388,
      "loop": false
    },
    "eggk47_insert_mag": {
      "start": 112,
      "end": 112.20897959183674,
      "loop": false
    },
    "eggk47_remove_mag": {
      "start": 114,
      "end": 114.3395918367347,
      "loop": false
    },
    "grenade": {
      "start": 116,
      "end": 118.27265306122449,
      "loop": false
    },
    "grenade_bbros": {
      "start": 120,
      "end": 122.84979591836735,
      "loop": false
    },
    "grenade_beep": {
      "start": 124,
      "end": 124.15673469387755,
      "loop": false
    },
    "grenade_bees": {
      "start": 126,
      "end": 127.84537414965986,
      "loop": false
    },
    "grenade_bloodonade": {
      "start": 129,
      "end": 130.8664172335601,
      "loop": false
    },
    "grenade_bumble": {
      "start": 132,
      "end": 133.88476190476192,
      "loop": false
    },
    "grenade_cellphone": {
      "start": 135,
      "end": 136.3675283446712,
      "loop": false
    },
    "grenade_corrupt": {
      "start": 138,
      "end": 140.12687074829932,
      "loop": false
    },
    "grenade_diablocannon": {
      "start": 142,
      "end": 143.91106575963718,
      "loop": false
    },
    "grenade_football": {
      "start": 145,
      "end": 146.3168253968254,
      "loop": false
    },
    "grenade_glitterbomb": {
      "start": 148,
      "end": 149.74687074829933,
      "loop": false
    },
    "grenade_holy": {
      "start": 151,
      "end": 153.40072562358276,
      "loop": false
    },
    "grenade_milk": {
      "start": 155,
      "end": 156.98390022675736,
      "loop": false
    },
    "grenade_octopus": {
      "start": 158,
      "end": 160.99827664399092,
      "loop": false
    },
    "grenade_pin": {
      "start": 162,
      "end": 162.47020408163266,
      "loop": false
    },
    "grenade_skullnado": {
      "start": 164,
      "end": 166.65691609977324,
      "loop": false
    },
    "grenade_supernova": {
      "start": 168,
      "end": 170.06961451247165,
      "loop": false
    },
    "grenade_thermal": {
      "start": 172,
      "end": 174.49600907029478,
      "loop": false
    },
    "grenade_tp": {
      "start": 176,
      "end": 178.10795918367347,
      "loop": false
    },
    "grenade_unicorn": {
      "start": 180,
      "end": 182.3324036281179,
      "loop": false
    },
    "grenade_valkyrie": {
      "start": 184,
      "end": 186.68344671201814,
      "loop": false
    },
    "gun": {
      "start": 188,
      "end": 188.49632653061224,
      "loop": false
    },
    "hammer_click": {
      "start": 190,
      "end": 190.06637188208617,
      "loop": false
    },
    "hit": {
      "start": 192,
      "end": 192.23510204081632,
      "loop": false
    },
    "kotc_capture": {
      "start": 194,
      "end": 195.07,
      "loop": false
    },
    "kotc_capturing_opponents": {
      "start": 197,
      "end": 198.73691609977325,
      "loop": false
    },
    "kotc_capturing_player": {
      "start": 200,
      "end": 201.7,
      "loop": false
    },
    "kotc_contested": {
      "start": 203,